Date,Bitcoin,C
2017-04-03,1147.631,59.68
2017-04-04,1143.746,59.68
2017-04-05,1134.998,59.59
2017-04-06,1190.597,59.89
2017-04-07,1193.019,59.43
2017-04-10,1213.339,59.28
2017-04-11,1224.767,59.03
2017-04-12,1216.505,58.51
2017-04-13,1178.5330000000001,58.04
2017-04-17,1203.731,58.99
2017-04-18,1217.596,58.42
2017-04-19,1226.9389999999999,57.73
2017-04-20,1255.403,58.41
2017-04-21,1257.135,57.72
2017-04-24,1248.325,59.44
2017-04-25,1263.545,60.21
2017-04-26,1284.845,60.1
2017-04-27,1329.19,59.39
2017-04-28,1320.0513,59.12
2017-05-01,1402.0838,59.46
2017-05-02,1443.6825,59.71
2017-05-03,1491.9988,60.24
2017-05-04,1515.6288,60.21
2017-05-05,1512.2088,60.24
2017-05-08,1639.3225,60.5
2017-05-09,1706.9313,60.23
2017-05-10,1756.8025,60.37
2017-05-11,1807.3725,60.7
2017-05-12,1676.9938,61.07
2017-05-15,1697.3788,61.42
2017-05-16,1718.2013,62.49
2017-05-17,1802.1638,59.98
2017-05-18,1887.3263,60.08
2017-05-19,1968.1025,61.1
2017-05-22,2139.0275,61.06
2017-05-23,2291.4775,61.71
2017-05-24,2476.2963,62.27
2017-05-25,2357.5038,61.95
2017-05-26,2247.4825,62.07
2017-05-30,2197.2338,61.64
2017-05-31,2330.2338,60.54
2017-06-01,2452.1813,61.08
2017-06-02,2517.4088,61.11
2017-06-05,2736.595,61.25
2017-06-06,2914.0825,61.01
2017-06-07,2694.2188,61.88
2017-06-08,2825.0313,63.21
2017-06-09,2826.7,64.45
2017-06-12,2682.595,64.32
2017-06-13,2738.9313,64.69
2017-06-14,2494.485,64.72
2017-06-15,2456.9238,64.1
2017-06-16,2528.1025,63.89
2017-06-19,2641.665,64.48
2017-06-20,2778.8275,63.91
2017-06-21,2712.1575,63.83
2017-06-22,2740.79,63.62
2017-06-23,2738.225,63.41
2017-06-26,2485.3588,63.78
2017-06-27,2593.17,64.23
2017-06-28,2584.5638,65.18
2017-06-29,2561.5613,66.98
2017-06-30,2499.9838,66.88
2017-07-03,2581.0663,68.26
2017-07-05,2629.2725,68.45
2017-07-06,2619.1125,67.63
2017-07-07,2521.2363,67.91
2017-07-10,2371.96,67.65
2017-07-11,2332.1875,66.82
2017-07-12,2423.16,66.92
2017-07-13,2364.5163,67.02
2017-07-14,2232.655,66.72
2017-07-17,2244.265,66.83
2017-07-18,2327.8975,66.89
2017-07-19,2294.405,66.7
2017-07-20,2877.3863,66.36
2017-07-21,2694.2913,66.0
2017-07-24,2779.0438,66.1
2017-07-25,2591.2163,68.03
2017-07-26,2550.18,67.98
2017-07-27,2697.4725,67.6
2017-07-28,2805.1788,67.43
2017-07-31,2873.8325,68.45
2017-08-01,2735.5875,69.6
2017-08-02,2723.58,69.42
2017-08-03,2814.3613,68.13
2017-08-04,2883.6813,68.98
2017-08-07,3431.9688,69.04
2017-08-08,3453.1625,68.88
2017-08-09,3377.5438,68.43
2017-08-10,3445.28,67.22
2017-08-11,3679.6075,66.8
2017-08-14,4382.7413,67.89
2017-08-15,4204.43,67.97
2017-08-16,4425.2963,67.71
2017-08-17,4316.34,66.6
2017-08-18,4159.4575,66.58
2017-08-21,4054.9425,65.95
2017-08-22,4137.6725,66.85
2017-08-23,4191.2175,67.23
2017-08-24,4362.475,67.69
2017-08-25,4408.3238,67.85
2017-08-28,4439.6588,67.81
2017-08-29,4648.1338,67.48
2017-08-30,4630.7275,68.01
2017-08-31,4764.8675,68.03
2017-09-01,4950.7238,68.58
2017-09-05,4422.1213,67.16
2017-09-06,4626.72,67.32
2017-09-07,4638.0975,66.06
2017-09-08,4317.5375,66.17
2017-09-11,4188.845,67.71
2017-09-12,4148.2675,68.79
2017-09-13,3874.2588,69.39
2017-09-14,3226.4125,69.24
2017-09-15,3686.9,69.04
2017-09-18,4067.0775,70.6
2017-09-19,3896.9988,71.15
2017-09-20,3858.0888,71.46
2017-09-21,3612.6813,71.76
2017-09-22,3603.3088,71.4
2017-09-25,3927.4988,70.84
2017-09-26,3895.5125,70.94
2017-09-27,4208.5613,72.28
2017-09-28,4185.2925,72.65
2017-09-29,4164.1038,72.74
2017-10-02,4404.0975,73.8
2017-10-03,4320.09,74.13
2017-10-04,4225.9238,74.06
2017-10-05,4322.755,75.72
2017-10-06,4370.245,75.64
2017-10-09,4772.975,75.39
2017-10-10,4754.6988,75.18
2017-10-11,4830.7663,74.94
2017-10-12,5439.1338,72.37
2017-10-13,5640.1275,72.11
2017-10-16,5754.2213,71.77
2017-10-17,5595.235,72.19
2017-10-18,5572.1988,73.12
2017-10-19,5699.5838,72.88
2017-10-20,5984.0863,73.53
2017-10-23,5895.2988,73.53
2017-10-24,5518.85,74.24
2017-10-25,5733.9038,73.64
2017-10-26,5888.145,73.79
2017-10-27,5767.68,73.87
2017-10-30,6121.8,73.78
2017-10-31,6447.6675,73.5
2017-11-01,6750.1725,74.03
2017-11-02,7030.0025,74.74
2017-11-03,7161.4513,74.05
2017-11-06,6958.2113,73.8
2017-11-07,7118.8013,72.71
2017-11-09,7146.7813,72.43
2017-11-10,6570.3125,72.25
2017-11-13,6517.6763,71.99
2017-11-14,6598.7688,71.53
2017-11-15,7279.0013,71.73
2017-11-16,7843.9375,71.67
2017-11-17,7689.9088,71.33
2017-11-20,8238.2025,72.05
2017-11-21,8095.5938,72.38
2017-11-22,8230.6925,72.26
2017-11-24,8201.4613,72.02
2017-11-27,9739.055,71.39
2017-11-28,9908.2288,73.7
2017-11-29,9816.3475,75.04
2017-11-30,9916.5363,75.5
2017-12-01,10859.5625,75.51
2017-12-04,11616.855,77.1
2017-12-05,11696.0583,76.54
2017-12-06,13708.9913,75.44
2017-12-07,16858.02,74.98
2017-12-08,16057.145,75.71
2017-12-11,16699.6775,75.85
2017-12-12,17178.1025,76.15
2017-12-13,16407.2025,75.14
2017-12-14,16531.0838,73.92
2017-12-15,17601.9438,74.77
2017-12-18,18960.5225,75.67
2017-12-19,17608.35,74.7
2017-12-20,16454.7225,74.66
2017-12-21,15561.05,75.82
2017-12-22,13857.145,75.49
2017-12-26,15745.2575,74.78
2017-12-27,15378.285,74.89
2017-12-28,14428.76,75.08
2017-12-29,14427.87,74.41
2018-01-02,14740.7563,74.36
2018-01-03,15134.6513,74.59
2018-01-04,15155.2263,75.51
2018-01-05,16937.1738,75.41
2018-01-08,14970.3575,74.53
2018-01-09,14439.4738,75.31
2018-01-10,14890.7225,75.65
2018-01-11,13287.26,75.56
2018-01-12,13812.715,76.84
2018-01-16,11348.02,77.11
2018-01-17,11141.2488,77.47
2018-01-18,11250.6475,77.39
2018-01-19,11514.925,78.3
2018-01-22,10772.15,78.59
2018-01-23,10839.8263,78.55
2018-01-24,11399.52,79.45
2018-01-25,11137.2375,79.44
2018-01-26,11090.0638,80.08
2018-01-29,11158.3938,79.96
2018-01-30,10034.9975,78.62
2018-01-31,10166.5063,78.48
2018-02-01,9052.5763,79.2
2018-02-02,8827.63,77.02
2018-02-05,6914.26,73.27
2018-02-06,7700.3863,74.82
2018-02-07,7581.8038,74.99
2018-02-08,8237.2363,71.87
2018-02-09,8689.8388,73.68
2018-02-12,8891.2125,74.76
2018-02-13,8516.2438,75.18
2018-02-14,9477.84,76.71
2018-02-15,10016.4888,77.08
2018-02-16,10178.7125,76.82
2018-02-20,11228.2413,76.46
2018-02-21,10456.1725,77.0
2018-02-22,9830.4263,76.27
2018-02-23,10149.4625,77.08
2018-02-26,10313.0825,77.65
2018-02-27,10564.4188,76.38
2018-02-28,10309.6413,75.49
2018-03-01,10907.59,73.66
2018-03-02,11019.5213,73.68
2018-03-05,11432.9825,74.42
2018-03-06,10709.5275,74.06
2018-03-07,9906.8,73.92
2018-03-08,9299.2838,74.11
2018-03-09,9237.05,76.11
2018-03-12,9118.2713,76.02
2018-03-13,9144.1475,74.91
2018-03-14,8196.8975,73.47
2018-03-15,8256.9938,73.34
2018-03-16,8269.3275,73.47
2018-03-19,8594.1913,72.7
2018-03-20,8915.9038,72.92
2018-03-21,8895.4,73.32
2018-03-22,8712.8913,70.31
2018-03-23,8918.7438,67.9
2018-03-26,8138.3363,69.78
2018-03-27,7790.1575,68.28
